FIPS,NAME,pop_0005_00,pop_0005_10,pop_0509_00,pop_0509_10,pop_0514_00,pop_0514_10,pop_1014_00,pop_1014_10,pop_1524_00,pop_1524_10,pop_2534_00,pop_2534_10,pop_3544_00,pop_3544_10,pop_4554_00,pop_4554_10,pop_5564_00,pop_5564_10,pop_6574_00,pop_6574_10,pop_7584_00,pop_7584_10,pop_85up_00,pop_85up_10,pop_total_00,pop_total_10
32003000101,Census Tract 1.01,441,523,560,532,1126,1092,566,560,816,1121,820,861,953,975,803,966,610,601,455,414,314,225,67,73,6411,6851
32003000103,Census Tract 1.03,500,529,521,458,943,923,422,465,786,923,1006,864,910,888,586,683,394,422,220,249,105,129,20,35,5470,5645
32003000105,Census Tract 1.05,230,293,274,279,543,589,269,310,419,611,487,515,538,538,471,555,340,426,258,251,133,166,39,54,3458,3998
32003000106,Census Tract 1.06,250,242,261,281,506,533,245,252,464,499,549,458,607,453,474,522,396,500,434,520,358,400,95,136,4139,4263
32003000107,Census Tract 1.07,223,266,233,241,450,509,217,268,412,558,489,460,539,528,421,525,353,405,386,328,319,215,84,62,3682,3856
32003000108,Census Tract 1.08,318,357,324,345,581,655,257,310,462,554,584,569,542,570,407,435,300,250,226,174,110,99,23,18,3557,3681
32003000109,Census Tract 1.09,323,298,329,265,590,516,261,251,467,519,592,480,549,500,412,508,304,362,229,224,111,124,24,36,3608,3567
32003000201,Census Tract 2.01,360,377,320,405,569,761,249,356,627,697,655,663,561,604,474,512,313,395,174,350,84,152,27,22,3844,4533
32003000203,Census Tract 2.03,283,240,248,265,483,444,235,179,649,443,721,533,719,504,602,548,385,463,329,235,189,120,59,52,4419,3582
32003000204,Census Tract 2.04,40,34,56,42,106,86,50,44,104,84,121,107,134,174,231,131,165,201,192,177,159,109,93,54,1345,1157
32003000301,Census Tract 3.01,225,227,245,211,456,393,211,182,519,364,459,417,601,454,454,523,360,361,264,213,126,117,37,34,3501,3103
32003000302,Census Tract 3.02,698,539,654,511,1189,946,535,435,756,757,681,584,674,556,566,530,368,343,272,237,109,140,35,41,5350,4673
32003000401,Census Tract 4.01,245,149,196,105,332,184,136,79,376,304,456,273,411,537,325,721,225,474,151,161,84,42,21,20,2631,2865
32003000402,Census Tract 4.02,314,403,252,294,426,537,174,243,484,509,585,575,528,481,417,497,290,338,194,99,108,49,27,3,3378,3491
32003000403,Census Tract 4.03,282,218,226,219,382,400,156,181,434,282,525,371,474,335,374,368,260,367,174,264,97,114,24,34,3031,2753
32003000510,Census Tract 5.10,576,541,602,523,1124,1078,522,555,1088,1085,974,759,749,795,460,589,307,365,171,174,110,87,22,30,5581,5503
32003000513,Census Tract 5.13,293,337,286,355,536,689,250,334,405,544,499,551,424,497,390,419,332,374,313,274,161,149,34,40,3387,3874
32003000514,Census Tract 5.14,663,682,664,610,1275,1115,611,505,1095,1145,1012,1001,850,738,506,588,322,450,244,302,139,165,40,49,6146,6235
32003000515,Census Tract 5.15,392,465,424,503,775,965,351,462,598,844,732,774,720,754,482,586,324,391,209,215,84,85,13,25,4329,5104
32003000516,Census Tract 5.16,489,449,448,436,823,851,375,415,645,861,696,910,679,852,518,718,331,378,200,197,98,81,25,29,4504,5326
32003000517,Census Tract 5.17,490,498,495,501,928,917,433,416,834,933,905,820,731,694,559,566,310,378,208,173,110,95,16,29,5091,5103
32003000518,Census Tract 5.18,545,493,508,459,889,912,381,453,1093,859,1278,819,1165,742,751,603,405,450,261,263,153,124,27,32,6567,5297
32003000519,Census Tract 5.19,552,482,614,448,1136,884,522,436,885,766,970,714,845,699,499,571,274,317,189,148,71,56,12,12,5433,4649
32003000520,Census Tract 5.20,216,182,206,179,363,365,157,186,346,314,380,305,320,290,207,245,116,151,68,99,38,34,7,10,2067,1995
32003000521,Census Tract 5.21,519,388,496,368,873,688,377,320,829,628,911,678,769,603,496,587,279,333,164,161,93,46,17,15,4955,4127
32003000522,Census Tract 5.22,500,463,402,366,706,679,304,313,861,539,860,681,568,480,321,266,170,141,134,102,77,69,13,18,4215,3438
32003000523,Census Tract 5.23,264,276,212,242,373,414,161,172,454,272,454,349,300,356,170,249,89,158,70,86,40,22,6,12,2226,2194
32003000524,Census Tract 5.24,426,290,418,252,741,432,323,180,633,397,639,435,449,321,234,176,187,128,141,73,67,27,16,9,3541,2288
32003000525,Census Tract 5.25,371,247,364,247,645,456,281,209,551,480,556,358,390,371,203,316,162,270,123,183,58,67,14,10,3077,2758
32003000526,Census Tract 5.26,337,233,343,270,619,538,276,268,549,492,577,392,462,382,282,315,177,183,102,90,39,59,3,11,3153,2695
32003000527,Census Tract 5.27,398,367,405,422,730,792,325,370,649,640,682,622,546,566,333,393,209,252,120,113,46,37,4,6,3723,3788
32003000528,Census Tract 5.28,321,427,327,336,589,622,262,286,523,542,550,561,440,488,269,318,168,169,97,90,37,29,3,9,3003,3255
32003000600,Census Tract 6,246,134,171,142,361,300,190,158,396,307,489,318,658,471,504,581,292,435,191,191,104,69,41,18,3282,2824
32003000700,Census Tract 7,59,23,26,16,44,30,18,14,632,1011,1126,1266,1255,999,842,897,458,571,317,272,136,106,29,11,4898,5186
32003000800,Census Tract 8,98,89,68,59,136,115,68,56,216,160,328,254,413,317,426,475,278,462,219,238,126,101,26,22,2266,2233
32003000900,Census Tract 9,50,23,28,10,52,17,24,7,89,34,165,129,246,129,251,224,157,233,106,118,39,28,8,7,1163,942
32003001003,Census Tract 10.03,212,234,257,251,531,508,274,257,436,622,481,573,586,529,578,556,417,484,299,320,124,157,42,42,3706,4025
32003001004,Census Tract 10.04,345,390,358,346,648,710,290,364,788,733,968,847,916,820,824,841,631,811,673,603,479,422,125,191,6397,6368
32003001005,Census Tract 10.05,52,67,106,91,230,167,124,76,182,144,133,143,234,186,304,235,238,283,185,165,117,117,33,47,1713,1554
32003001006,Census Tract 10.06,184,264,188,227,384,400,196,173,386,406,454,534,588,547,681,613,633,594,467,435,304,282,79,97,4160,4172
32003001100,Census Tract 11,278,183,232,126,380,224,148,98,545,253,623,406,651,421,509,435,382,402,175,201,71,75,10,11,3624,2611
32003001200,Census Tract 12,271,276,240,240,460,502,220,262,479,468,600,573,684,621,605,673,458,502,369,298,294,151,76,82,4301,4146
32003001300,Census Tract 13,329,308,325,299,686,595,361,296,575,598,660,586,764,701,603,747,425,581,355,325,271,174,82,79,4750,4694
32003001401,Census Tract 14.01,245,245,254,207,489,408,235,201,430,432,452,414,459,403,404,437,315,397,286,250,191,159,57,36,3335,3181
32003001402,Census Tract 14.02,281,311,291,339,561,689,270,350,494,676,518,559,526,613,464,579,360,383,328,173,219,133,66,46,3822,4162
32003001501,Census Tract 15.01,198,195,145,106,238,204,93,98,330,332,390,417,368,382,396,474,575,409,515,285,328,145,66,34,3409,2877
32003001502,Census Tract 15.02,252,167,185,166,303,288,118,122,418,221,495,340,467,320,503,424,729,851,653,741,416,385,83,115,4326,3852
32003001607,Census Tract 16.07,273,360,298,310,557,606,259,296,471,666,633,703,839,884,774,940,662,712,484,403,237,180,35,58,4965,5512
32003001608,Census Tract 16.08,69,102,89,93,161,188,72,95,156,178,165,174,235,213,196,296,283,286,271,235,185,150,32,39,1753,1861
32003001609,Census Tract 16.09,344,304,418,361,865,732,447,371,619,715,633,566,752,594,584,583,320,455,142,200,68,73,15,17,4349,4239
32003001610,Census Tract 16.10,204,193,221,207,457,441,236,234,376,478,364,336,432,432,408,432,244,331,143,166,53,68,20,17,2701,2894
32003001611,Census Tract 16.11,289,397,305,399,603,761,298,362,540,780,518,654,624,662,523,615,329,494,208,272,126,100,27,34,3787,4769
32003001612,Census Tract 16.12,633,748,498,541,806,955,308,414,913,1126,1152,1249,835,867,647,776,629,668,615,548,328,326,58,73,6616,7336
32003001613,Census Tract 16.13,303,365,354,343,621,646,267,303,559,656,616,600,583,577,370,486,310,339,209,219,101,95,24,16,3696,3999
32003001706,Census Tract 17.06,87,108,81,92,168,175,87,83,280,272,258,303,335,308,464,419,483,560,366,451,328,293,120,123,2900,3012
32003001707,Census Tract 17.07,66,65,61,66,98,106,37,40,122,103,143,185,155,159,242,196,241,317,220,194,143,144,32,41,1462,1510
32003001708,Census Tract 17.08,184,155,224,136,408,282,184,146,344,382,361,323,425,329,446,466,487,412,395,360,215,227,38,79,3314,3015
32003001709,Census Tract 17.09,63,61,72,60,158,155,86,95,179,204,186,171,238,196,274,274,241,228,135,156,70,73,24,29,1568,1547
32003001710,Census Tract 17.10,261,264,301,266,624,563,323,297,633,566,547,535,714,610,578,601,420,516,229,332,96,161,25,38,4127,4186
32003001711,Census Tract 17.11,148,212,118,169,203,301,85,132,605,506,579,633,379,414,362,425,265,362,180,290,259,246,123,230,3114,3619
32003001712,Census Tract 17.12,160,154,171,177,292,334,121,157,336,486,444,421,457,508,615,568,590,559,415,403,281,271,125,143,3715,3847
32003001713,Census Tract 17.13,135,164,186,158,369,317,183,159,333,399,335,321,447,450,478,454,422,393,213,262,143,124,18,40,2904,2924
32003001714,Census Tract 17.14,176,228,209,198,438,420,229,222,452,507,398,444,485,417,531,467,433,409,244,271,113,145,30,36,3300,3344
32003001715,Census Tract 17.15,152,189,195,189,381,392,186,203,397,442,349,427,400,347,291,399,243,221,143,142,47,64,9,12,2412,2635
32003001716,Census Tract 17.16,145,104,141,129,304,248,163,119,238,224,297,164,296,231,244,246,236,162,143,129,53,58,16,13,1972,1579
32003001717,Census Tract 17.17,48,41,42,47,109,105,67,58,135,136,101,101,134,145,290,204,264,256,178,190,69,123,23,30,1362,1331
32003001718,Census Tract 17.18,250,312,248,305,472,559,224,254,408,499,440,506,435,526,280,369,198,247,94,119,60,45,13,9,2650,3191
32003001801,Census Tract 18.01,316,411,329,347,590,682,261,335,585,707,721,796,877,755,861,849,772,834,656,583,429,365,114,109,5921,6091
32003001803,Census Tract 18.03,143,146,162,120,306,258,144,138,304,399,321,347,400,357,361,379,334,338,272,220,172,152,40,35,2653,2631
32003001804,Census Tract 18.04,196,271,170,191,317,408,147,217,433,535,485,525,552,502,521,517,368,383,281,243,177,139,31,32,3361,3555
32003001901,Census Tract 19.01,512,543,403,465,725,844,322,379,893,956,950,1054,824,768,521,745,385,494,257,256,211,164,61,63,5339,5887
32003001902,Census Tract 19.02,222,307,263,258,518,548,255,290,481,579,542,592,569,611,484,557,427,454,405,284,235,205,50,51,3933,4188
32003002000,Census Tract 20,202,179,141,151,291,247,150,96,454,370,618,685,622,560,701,545,547,634,503,385,415,255,99,82,4452,3942
32003002201,Census Tract 22.01,200,274,212,251,410,470,198,219,385,413,461,382,568,446,498,506,537,558,643,493,431,298,84,110,4217,3950
32003002203,Census Tract 22.03,445,481,403,423,705,794,302,371,763,801,864,820,696,728,457,543,298,304,200,184,107,84,21,24,4556,4763
32003002204,Census Tract 22.04,647,592,539,416,920,783,381,367,959,619,1075,867,668,613,328,362,231,254,223,152,129,112,23,46,5203,4400
32003002206,Census Tract 22.06,348,279,279,244,511,449,232,205,597,485,753,556,560,551,345,455,199,332,116,193,57,74,10,21,3501,3395
32003002207,Census Tract 22.07,389,559,312,415,571,762,259,347,668,712,843,876,626,663,386,351,222,133,129,43,64,19,12,5,3917,4123
32003002302,Census Tract 23.02,62,11,55,11,85,20,30,9,185,79,280,160,228,136,188,142,140,141,103,78,64,62,16,28,1357,857
32003002303,Census Tract 23.03,0,17,0,5,0,9,0,4,0,41,0,50,0,83,0,127,0,211,0,174,0,114,0,10,0,836
32003002403,Census Tract 24.03,279,247,180,152,328,260,148,108,588,517,951,835,906,635,732,751,570,656,418,361,245,218,43,51,5060,4531
32003002404,Census Tract 24.04,649,552,497,428,809,739,312,311,1048,720,1335,936,958,641,667,587,397,364,233,168,145,72,42,25,6283,4804
32003002405,Census Tract 24.05,492,354,379,286,682,495,303,209,863,490,1000,724,835,735,609,598,377,491,194,177,99,78,15,22,5166,4164
32003002406,Census Tract 24.06,110,170,74,121,121,251,47,130,261,669,441,465,398,452,396,520,263,393,183,188,150,102,27,31,2350,3241
32003002501,Census Tract 25.01,280,460,244,416,489,775,245,359,605,884,858,1132,676,959,628,896,501,646,358,374,285,208,55,64,4735,6398
32003002504,Census Tract 25.04,249,209,184,169,315,306,131,137,623,601,737,763,535,526,496,510,326,437,218,243,179,145,48,108,3726,3848
32003002505,Census Tract 25.05,160,161,200,147,334,278,134,131,344,304,453,358,314,289,198,252,141,209,124,112,64,51,9,20,2152,2034
32003002506,Census Tract 25.06,235,251,154,191,284,365,130,174,737,529,863,704,525,521,405,411,212,315,136,152,91,78,40,23,3528,3349
32003002603,Census Tract 26.03,129,118,139,94,209,162,70,68,1456,1605,589,573,454,381,419,441,325,360,261,227,254,159,76,61,4172,4087
32003002604,Census Tract 26.04,279,115,216,70,383,138,167,68,584,282,808,410,705,352,575,418,334,314,194,139,99,93,16,24,3984,2285
32003002605,Census Tract 26.05,247,42,192,46,340,73,148,27,519,86,717,153,625,161,511,219,296,136,173,33,87,6,15,0,3535,909
32003002706,Census Tract 27.06,276,392,226,310,362,520,136,210,610,556,677,781,475,646,381,525,286,386,250,272,155,157,38,48,3510,4283
32003002707,Census Tract 27.07,246,266,262,285,543,590,281,305,463,535,583,595,576,515,557,514,491,419,309,305,165,162,39,41,3972,3942
32003002708,Census Tract 27.08,279,265,249,291,401,496,152,205,468,435,589,484,491,437,337,355,194,251,132,95,105,57,14,13,3010,2888
32003002808,Census Tract 28.08,84,74,108,68,212,182,104,114,172,243,204,207,226,274,269,296,204,309,115,158,58,66,9,18,1558,1827
32003002810,Census Tract 28.10,118,189,109,149,181,287,72,138,361,547,483,677,315,438,342,391,368,398,279,185,128,88,12,17,2587,3217
32003002811,Census Tract 28.11,138,212,114,233,252,509,138,276,149,503,330,609,371,672,335,624,229,478,152,273,66,127,12,29,2034,4036
32003002814,Census Tract 28.14,413,236,388,291,738,630,350,339,630,721,985,650,929,858,603,910,346,604,144,336,58,111,12,24,4858,5080
32003002821,Census Tract 28.21,266,281,246,205,434,393,188,188,887,765,988,1003,593,586,473,688,249,488,164,235,82,118,12,32,4148,4589
32003002822,Census Tract 28.22,314,297,339,264,666,572,327,308,507,588,579,479,609,564,478,528,325,379,190,192,86,91,20,18,3774,3708
32003002823,Census Tract 28.23,152,214,121,163,221,289,100,126,586,583,680,642,432,465,407,452,324,375,254,294,148,195,24,77,3228,3586
32003002824,Census Tract 28.24,64,48,93,80,207,166,114,86,169,187,147,151,191,204,333,238,288,265,174,215,88,110,24,31,1685,1615
32003002825,Census Tract 28.25,186,129,213,150,393,361,180,211,367,378,422,333,454,428,590,479,457,486,245,314,121,117,30,28,3265,3053
32003002826,Census Tract 28.26,144,156,197,180,372,370,175,190,321,353,362,335,449,446,528,436,335,425,164,248,82,97,15,34,2772,2900
32003002827,Census Tract 28.27,147,159,131,135,281,307,150,172,373,441,395,421,393,433,420,377,263,391,174,204,81,84,30,30,2557,2847
32003002828,Census Tract 28.28,102,174,113,174,250,346,137,172,221,384,321,482,359,571,341,538,214,474,111,238,47,87,11,35,1977,3329
32003002829,Census Tract 28.29,297,209,334,245,633,522,299,277,377,536,669,528,771,552,481,688,296,442,195,260,83,142,12,35,3814,3914
32003002830,Census Tract 28.30,264,308,209,275,404,621,195,346,317,709,641,945,654,937,519,905,344,779,200,516,87,305,12,127,3442,6152
32003002831,Census Tract 28.31,172,184,132,179,231,314,99,135,379,417,398,856,305,580,180,467,132,390,82,199,63,97,19,29,1968,3533
32003002832,Census Tract 28.32,175,305,151,288,256,563,105,275,250,778,488,1471,420,905,380,810,314,668,199,389,73,126,19,36,2574,6051
32003002833,Census Tract 28.33,285,372,218,345,413,733,195,388,342,597,772,830,561,926,372,773,242,578,137,291,42,128,3,28,3169,5256
32003002834,Census Tract 28.34,363,343,328,391,625,790,297,399,423,857,990,1183,687,1034,409,816,235,537,90,254,36,93,5,24,3863,5931
32003002835,Census Tract 28.35,158,138,142,150,272,290,130,140,310,304,651,556,333,446,198,354,113,242,43,118,8,49,4,22,2101,2519
32003002836,Census Tract 28.36,159,232,86,269,188,505,102,236,308,470,476,740,234,620,114,399,63,206,30,118,8,45,2,6,1582,3341
32003002837,Census Tract 28.37,289,268,390,328,782,662,392,334,604,697,652,565,984,737,921,1069,682,870,419,582,181,260,35,80,5556,5790
32003002838,Census Tract 28.38,212,299,288,283,576,569,288,286,445,676,481,863,724,732,679,792,503,780,309,475,133,219,26,83,4093,5488
32003002841,Census Tract 28.41,70,141,98,224,211,442,113,218,96,354,130,304,255,426,251,516,149,387,84,183,23,84,5,12,1280,2849
32003002842,Census Tract 28.42,3,472,4,486,8,930,4,444,3,801,5,1359,11,1061,11,574,6,390,3,225,1,57,0,21,56,5890
32003002843,Census Tract 28.43,10,547,9,545,16,1035,7,490,12,873,26,1418,16,1113,8,675,6,422,2,203,0,68,0,11,101,6365
32003002844,Census Tract 28.44,19,419,16,406,28,782,12,376,21,756,46,1267,30,978,15,596,10,425,3,201,1,89,0,17,180,5530
32003002845,Census Tract 28.45,49,475,42,392,75,713,33,321,58,765,120,1105,77,713,41,443,28,230,9,121,3,34,0,12,466,4611
32003002846,Census Tract 28.46,197,451,170,483,303,941,133,458,235,1118,484,1452,312,1152,165,838,113,529,38,255,13,104,3,13,1871,6853
32003002847,Census Tract 28.47,225,240,246,193,469,390,223,197,543,569,749,717,659,586,484,544,287,407,180,184,79,65,25,25,3706,3727
32003002848,Census Tract 28.48,232,196,253,186,482,377,229,191,561,506,773,729,679,554,499,556,295,464,186,219,82,117,26,44,3821,3762
32003002905,Census Tract 29.05,325,329,280,280,559,566,279,286,784,951,774,870,797,651,773,690,557,685,334,368,206,242,76,93,5185,5445
32003002915,Census Tract 29.15,320,220,303,224,607,494,304,270,594,671,791,579,829,568,709,903,532,713,347,463,161,243,29,68,4919,4922
32003002916,Census Tract 29.16,109,120,152,117,349,247,197,130,309,355,255,298,460,334,480,516,301,488,230,246,132,130,16,32,2641,2766
32003002919,Census Tract 29.19,199,193,279,225,578,489,299,264,467,511,525,516,716,575,633,734,360,575,285,339,140,177,14,52,3917,4161
32003002935,Census Tract 29.35,58,53,61,55,141,128,80,73,178,166,137,135,207,180,300,268,191,289,139,160,77,98,17,52,1445,1529
32003002936,Census Tract 29.36,152,145,181,146,334,313,153,167,320,399,331,344,445,421,480,466,403,478,265,370,210,200,54,81,2994,3217
32003002937,Census Tract 29.37,269,319,221,254,454,473,233,219,695,581,901,801,788,704,702,686,496,556,283,300,129,127,26,36,4743,4583
32003002938,Census Tract 29.38,44,75,41,67,104,140,63,73,100,136,99,180,169,169,260,244,206,257,163,164,75,99,13,21,1233,1485
32003002939,Census Tract 29.39,80,53,111,65,247,157,136,92,215,172,108,125,241,179,479,304,269,441,145,203,61,108,10,29,1855,1771
32003002940,Census Tract 29.40,155,170,168,195,313,393,145,198,319,515,527,559,491,499,366,574,268,417,155,214,53,110,12,16,2659,3467
32003002941,Census Tract 29.41,360,297,412,336,844,741,432,405,649,727,789,737,896,754,801,849,401,629,187,337,146,116,20,28,5093,5215
32003002942,Census Tract 29.42,187,194,230,209,515,457,285,248,512,513,445,563,635,653,761,654,526,626,324,459,188,252,24,64,4117,4435
32003002944,Census Tract 29.44,136,122,147,151,299,314,152,163,290,339,397,300,475,406,455,481,342,435,309,290,143,206,25,57,2871,2950
32003002946,Census Tract 29.46,77,80,64,81,157,159,93,78,232,237,287,345,316,282,365,347,313,357,167,220,85,128,12,32,2011,2187
32003002947,Census Tract 29.47,98,79,130,107,292,245,162,138,285,278,185,210,344,302,583,473,462,516,253,368,105,178,21,57,2628,2706
32003002948,Census Tract 29.48,280,204,288,221,605,473,317,252,452,501,503,417,638,498,536,557,365,466,202,255,109,105,28,29,3718,3505
32003002949,Census Tract 29.49,147,142,174,135,354,314,180,179,326,382,371,382,403,441,424,465,295,423,176,261,147,203,77,187,2720,3200
32003002950,Census Tract 29.50,332,272,279,279,488,545,209,266,638,695,1047,743,824,743,570,703,320,528,210,298,57,136,5,29,4491,4692
32003002951,Census Tract 29.51,349,436,276,460,507,993,231,533,643,1067,1009,1353,749,1334,647,1213,422,980,270,558,102,277,29,85,4733,8296
32003002952,Census Tract 29.52,109,94,123,84,226,200,103,116,167,272,280,277,334,296,339,383,278,413,307,307,176,219,28,79,2244,2540
32003002953,Census Tract 29.53,243,220,325,239,713,524,388,285,505,543,578,519,846,610,735,681,366,619,230,241,166,140,24,62,4406,4159
32003002954,Census Tract 29.54,286,284,250,238,449,441,199,203,482,540,712,579,691,531,535,581,436,559,466,422,317,229,74,84,4448,4250
32003002956,Census Tract 29.56,161,154,108,87,185,162,77,75,356,345,588,740,433,517,331,361,215,279,111,103,70,26,13,10,2463,2697
32003002957,Census Tract 29.57,39,47,59,34,107,62,48,28,97,77,136,102,207,147,477,240,511,489,339,464,148,225,45,55,2106,1908
32003002958,Census Tract 29.58,344,365,340,330,692,654,352,324,883,874,1123,1002,1019,923,861,845,577,717,338,403,177,190,43,60,6057,6033
32003002961,Census Tract 29.61,74,97,93,88,168,169,75,81,152,221,124,206,231,193,217,357,194,353,112,247,64,124,18,46,1354,2013
32003002962,Census Tract 29.62,68,83,60,61,126,158,66,97,115,209,152,280,254,423,241,414,121,327,51,72,12,35,1,9,1141,2010
32003002964,Census Tract 29.64,278,339,214,305,368,607,154,302,533,727,773,1038,588,765,415,576,340,406,302,294,201,117,31,53,3834,4922
32003002965,Census Tract 29.65,218,155,168,148,289,251,121,103,418,231,606,394,461,381,325,416,266,450,237,477,158,416,24,143,3009,3314
32003002966,Census Tract 29.66,385,384,297,253,510,413,213,160,739,639,1072,1459,815,862,575,683,471,441,420,283,279,101,44,43,5317,5308
32003002967,Census Tract 29.67,254,203,192,190,369,383,177,193,626,474,917,737,641,632,462,563,287,362,193,203,64,93,13,18,3832,3668
32003002968,Census Tract 29.68,79,119,59,117,114,241,55,124,194,276,285,417,199,376,144,393,89,274,60,144,19,55,4,4,1193,2299
32003002969,Census Tract 29.69,76,77,57,44,110,94,53,50,187,121,274,256,191,227,138,223,85,186,57,112,19,34,4,7,1146,1337
32003002970,Census Tract 29.70,248,200,188,150,361,283,173,133,611,523,896,827,626,543,452,456,280,296,189,194,62,99,13,13,3744,3434
32003002974,Census Tract 29.74,159,261,155,272,317,566,162,294,310,734,489,840,447,883,377,750,221,550,120,285,61,116,10,29,2517,5014
32003002975,Census Tract 29.75,198,341,192,315,393,637,201,322,385,703,608,842,556,862,469,745,274,572,149,280,76,103,12,31,3125,5116
32003002976,Census Tract 29.76,0,306,0,231,0,426,0,195,0,491,0,1072,0,665,0,440,0,293,0,145,0,57,0,24,0,3919
32003002977,Census Tract 29.77,0,232,0,235,0,409,0,174,0,285,1,474,1,625,1,472,0,333,0,181,0,77,0,13,9,3101
32003002978,Census Tract 29.78,44,147,43,138,88,267,45,129,86,290,137,600,125,378,105,358,62,294,33,158,17,55,2,9,705,2556
32003002979,Census Tract 29.79,43,132,54,121,113,243,59,122,90,326,81,568,153,354,179,340,133,293,69,118,28,56,7,12,902,2442
32003002980,Census Tract 29.80,0,441,0,428,0,819,0,391,0,753,0,1366,0,972,0,632,0,410,0,200,0,61,0,7,0,5661
32003002981,Census Tract 29.81,0,328,0,279,0,515,0,236,0,553,0,1190,0,723,0,438,0,243,0,92,0,30,0,7,0,4119
32003002982,Census Tract 29.82,0,474,0,478,0,973,0,495,0,1062,0,1452,0,1179,0,888,0,573,0,247,0,88,0,19,0,6955
32003002983,Census Tract 29.83,11,172,14,141,29,266,15,125,22,342,20,569,39,304,46,226,34,142,17,53,7,15,2,7,232,2096
32003002984,Census Tract 29.84,6,334,8,245,16,499,8,254,13,445,12,955,23,614,26,422,19,248,10,123,4,40,1,4,135,3684
32003002985,Census Tract 29.85,44,277,55,286,115,608,60,322,92,517,82,695,157,719,183,558,136,453,71,219,28,86,7,28,922,4160
32003002995,Census Tract 29.95,281,196,209,135,335,228,126,93,520,414,693,523,495,443,413,363,250,283,197,153,109,80,15,23,3317,2706
32003002996,Census Tract 29.96,323,409,241,281,386,485,145,204,599,610,796,905,568,751,475,671,287,513,226,239,126,117,18,50,3806,4750
32003003001,Census Tract 30.01,279,248,378,281,696,578,318,297,544,573,561,500,588,514,534,478,379,392,269,245,93,138,25,32,3968,3698
32003003003,Census Tract 30.03,415,367,474,392,915,762,441,370,702,702,1064,878,1037,786,719,779,348,593,224,264,103,132,15,38,5547,5301
32003003004,Census Tract 30.04,174,151,154,118,266,213,112,95,328,252,418,348,387,317,308,296,235,259,197,179,70,101,11,11,2401,2127
32003003005,Census Tract 30.05,192,204,280,240,621,502,341,262,470,468,457,411,595,487,587,546,363,448,226,241,105,138,15,35,3639,3480
32003003006,Census Tract 30.06,245,207,334,230,648,475,314,245,428,524,510,435,576,460,492,542,349,394,203,237,79,98,18,25,3548,3397
32003003102,Census Tract 31.02,475,427,472,421,879,861,407,440,878,813,927,812,838,803,599,663,430,471,262,263,115,128,20,24,5434,5265
32003003103,Census Tract 31.03,233,276,225,274,416,532,191,258,436,510,618,563,532,458,407,476,204,349,152,201,111,164,50,96,3166,3625
32003003104,Census Tract 31.04,295,418,286,302,529,536,243,234,553,673,785,818,675,636,516,540,260,338,193,188,141,88,64,23,4016,4258
32003003204,Census Tract 32.04,253,194,286,244,575,559,289,315,402,542,467,442,859,724,1010,1035,854,1135,505,748,171,348,44,96,5147,5823
32003003208,Census Tract 32.08,152,94,162,159,386,414,224,255,224,377,151,176,459,333,397,608,293,463,154,274,61,121,25,39,2302,2899
32003003210,Census Tract 32.10,1,2,0,0,0,0,0,0,7,9,11,16,28,26,105,70,758,381,1164,920,501,816,50,206,2625,2446
32003003211,Census Tract 32.11,4,1,0,5,1,7,1,2,13,21,34,20,39,28,110,112,640,461,1416,980,863,1061,109,306,3229,2997
32003003213,Census Tract 32.13,0,1,1,0,2,3,1,3,2,9,12,12,22,19,60,69,519,266,975,674,481,731,58,167,2131,1951
32003003214,Census Tract 32.14,0,0,0,4,0,7,0,3,4,5,13,12,20,26,48,74,303,292,706,562,536,670,92,303,1722,1951
32003003215,Census Tract 32.15,263,230,376,269,763,554,387,285,521,492,600,522,869,563,746,725,388,584,287,317,119,181,28,45,4584,4213
32003003218,Census Tract 32.18,411,202,584,337,1162,823,578,486,560,674,578,359,1170,735,1037,1092,568,807,299,430,123,193,35,37,5943,5352
32003003219,Census Tract 32.19,480,285,441,364,813,754,372,390,446,581,885,684,1113,910,917,888,637,793,449,584,185,437,46,221,5971,6137
32003003220,Census Tract 32.20,490,368,496,385,948,769,452,384,714,813,1291,964,1172,883,759,925,551,625,407,428,192,223,35,68,6559,6066
32003003222,Census Tract 32.22,400,248,356,285,662,599,306,314,380,498,993,621,847,745,619,753,462,556,248,381,75,186,16,35,4702,4622
32003003223,Census Tract 32.23,120,136,77,200,160,450,83,250,151,320,263,233,294,507,255,545,125,444,51,235,22,91,9,11,1450,2972
32003003226,Census Tract 32.26,67,112,74,129,133,302,59,173,82,203,75,210,189,334,157,404,99,376,50,233,13,98,7,18,872,2290
32003003227,Census Tract 32.27,77,186,100,223,173,491,73,268,64,435,125,447,208,644,111,621,83,444,47,343,19,143,1,102,908,3856
32003003228,Census Tract 32.28,0,397,0,313,0,574,0,261,0,400,0,936,0,587,0,360,0,258,0,138,0,32,0,2,2,3684
32003003229,Census Tract 32.29,7,223,9,175,18,324,9,149,11,295,12,532,21,338,19,178,11,124,5,42,2,11,0,3,110,2070
32003003230,Census Tract 32.30,0,678,0,497,0,937,0,440,0,811,0,1521,1,1032,1,534,0,374,0,174,0,40,0,11,7,6112
32003003231,Census Tract 32.31,2,489,3,298,6,603,3,305,4,651,4,1220,7,714,6,422,4,251,2,64,0,36,0,6,39,4456
32003003232,Census Tract 32.32,207,271,258,366,517,802,259,436,347,684,358,505,603,696,563,938,331,799,166,371,66,140,13,43,3176,5249
32003003233,Census Tract 32.33,5,308,6,254,12,498,6,244,8,453,8,629,14,638,13,478,8,402,4,187,1,42,0,13,78,3648
32003003234,Census Tract 32.34,0,367,0,297,0,571,0,274,0,530,0,902,0,633,0,365,0,201,0,84,0,33,0,4,1,3690
32003003235,Census Tract 32.35,55,154,68,190,136,344,68,154,92,449,95,508,160,368,149,303,88,173,44,76,17,23,3,3,844,2401
32003003236,Census Tract 32.36,142,120,178,141,356,271,178,130,239,211,246,235,415,332,387,376,228,320,114,168,46,101,9,38,2186,2172
32003003237,Census Tract 32.37,0,280,0,246,0,494,0,248,0,400,0,656,0,697,0,524,0,334,0,196,0,68,0,20,1,3669
32003003238,Census Tract 32.38,1,484,1,431,1,825,0,394,0,601,3,1117,3,898,1,580,1,467,0,238,0,71,0,25,15,5306
32003003239,Census Tract 32.39,63,199,53,234,97,477,44,243,57,408,144,446,154,547,87,510,77,374,44,229,11,84,1,16,743,3290
32003003240,Census Tract 32.40,270,223,273,284,540,626,267,342,307,474,557,388,562,583,411,595,269,399,183,200,58,101,17,23,3179,3612
32003003241,Census Tract 32.41,254,227,256,212,507,495,251,283,288,441,522,587,528,556,386,522,252,391,171,280,54,178,15,51,2984,3728
32003003242,Census Tract 32.42,61,83,60,148,115,353,55,205,62,244,114,78,133,291,88,363,49,216,30,108,8,46,2,10,666,1792
32003003243,Census Tract 32.43,392,274,383,394,733,810,350,416,396,684,725,483,849,753,561,871,315,625,191,340,51,141,16,35,4233,5016
32003003244,Census Tract 32.44,322,216,315,273,602,527,287,254,326,529,595,490,698,591,461,597,259,419,156,226,41,113,13,26,3478,3734
32003003245,Census Tract 32.45,340,289,311,338,603,816,292,478,334,763,716,619,713,882,416,807,267,541,173,275,67,133,11,34,3647,5159
32003003246,Census Tract 32.46,354,211,324,248,629,520,305,272,349,462,747,519,743,593,434,600,278,466,181,319,69,147,11,45,3800,3882
32003003247,Census Tract 32.47,213,150,258,159,509,376,251,217,385,347,435,379,617,412,639,623,491,610,326,433,151,233,18,65,3790,3628
32003003248,Census Tract 32.48,196,161,238,166,468,357,230,191,354,343,400,315,567,363,588,496,451,430,300,260,139,143,17,34,3485,2902
32003003249,Census Tract 32.49,122,213,110,292,214,617,104,325,124,374,344,292,295,627,218,538,197,420,129,231,40,76,5,18,1693,3406
32003003250,Census Tract 32.50,219,288,198,357,385,771,187,414,223,568,616,542,529,897,391,859,354,545,232,332,73,159,8,33,3035,4994
32003003251,Census Tract 32.51,192,116,179,166,336,390,157,224,177,240,370,148,459,398,348,439,245,282,128,185,45,80,8,22,2314,2300
32003003252,Census Tract 32.52,366,195,341,252,640,570,299,318,336,506,705,431,874,650,661,768,467,617,245,325,85,154,16,30,4401,4246
32003003253,Census Tract 32.53,225,192,265,231,528,462,263,231,453,465,559,461,674,527,543,519,349,452,233,282,108,146,19,36,3696,3542
32003003254,Census Tract 32.54,210,209,247,172,491,387,244,215,422,458,521,450,627,461,506,536,325,429,216,227,100,135,17,79,3442,3371
32003003260,Census Tract 32.60,229,200,252,152,476,306,224,154,420,388,668,627,587,442,469,471,372,445,288,333,144,195,23,47,3683,3454
32003003261,Census Tract 32.61,198,112,218,118,412,256,194,138,364,329,578,373,507,348,405,419,322,304,248,203,125,115,19,30,3183,2489
32003003262,Census Tract 32.62,24,2,23,1,45,1,22,0,36,10,91,17,92,44,198,85,1013,437,1063,1147,378,878,39,176,2983,2797
32003003303,Census Tract 33.03,442,328,399,383,715,773,316,390,507,732,1028,783,717,748,444,662,274,413,165,226,56,82,7,22,4363,4769
32003003305,Census Tract 33.05,404,286,407,376,779,811,372,435,418,660,811,558,946,868,748,852,510,682,285,441,125,165,20,54,5050,5377
32003003306,Census Tract 33.06,181,119,196,155,385,337,189,182,205,322,363,263,518,360,604,555,876,666,768,826,341,459,41,111,4282,4018
32003003307,Census Tract 33.07,252,438,234,483,450,1001,216,518,323,788,546,726,491,1110,398,896,280,658,143,437,56,150,10,38,2954,6242
32003003308,Census Tract 33.08,76,145,70,216,135,459,65,243,96,392,164,251,148,512,120,502,84,372,43,197,16,61,3,20,892,2911
32003003309,Census Tract 33.09,33,256,39,289,79,592,40,303,53,370,73,476,110,630,73,606,44,542,15,295,8,108,3,23,496,3898
32003003310,Census Tract 33.10,125,341,147,369,298,723,151,354,204,486,274,564,413,779,276,803,166,636,58,276,30,82,11,34,1861,4724
32003003311,Census Tract 33.11,12,218,14,232,28,514,14,282,19,372,27,442,40,575,27,467,16,358,5,238,3,94,1,10,183,3288
32003003312,Census Tract 33.12,13,329,15,394,31,817,16,423,21,515,29,384,44,791,29,557,17,306,6,147,3,65,1,8,200,3919
32003003313,Census Tract 33.13,1,307,1,316,2,579,1,263,2,393,3,500,4,580,3,341,1,208,0,78,0,21,0,3,21,3010
32003003314,Census Tract 33.14,10,527,12,538,24,1069,12,531,16,668,23,869,35,1256,23,942,14,731,4,352,2,111,1,22,158,6547
32003003315,Census Tract 33.15,60,349,70,378,142,779,72,401,97,556,131,627,197,814,132,516,79,292,27,158,14,52,5,12,890,4155
32003003316,Census Tract 33.16,37,424,44,551,89,1113,45,562,60,719,82,693,123,1098,82,677,49,515,17,258,9,74,3,23,557,5594
32003003317,Census Tract 33.17,95,269,79,264,144,553,65,289,88,421,219,486,149,545,101,403,68,200,37,131,12,57,3,3,921,3068
32003003318,Census Tract 33.18,223,390,185,410,338,845,153,435,207,575,515,780,350,909,237,679,161,513,87,278,28,111,7,32,2161,5112
32003003319,Census Tract 33.19,312,424,260,441,476,1030,216,589,290,784,723,742,492,1079,333,779,227,480,122,305,40,93,11,13,3032,5729
32003003320,Census Tract 33.20,245,249,204,293,373,604,169,311,227,553,566,620,385,690,261,631,177,486,96,301,31,106,8,23,2374,4263
32003003321,Census Tract 33.21,57,164,47,178,86,377,39,199,52,280,132,191,90,378,61,464,41,378,22,219,7,76,2,24,555,2551
32003003408,Census Tract 34.08,235,302,246,345,526,763,280,418,357,649,401,640,618,725,476,773,300,539,237,306,80,150,15,36,3245,4883
32003003409,Census Tract 34.09,274,340,330,359,660,693,330,334,479,766,554,758,705,720,466,764,366,551,237,339,104,134,15,44,3860,5109
32003003410,Census Tract 34.10,297,230,320,279,584,580,264,301,265,529,587,535,739,641,657,859,529,771,400,518,141,296,19,60,4218,5019
32003003411,Census Tract 34.11,281,234,270,208,516,427,246,219,606,609,765,701,603,524,485,587,313,422,222,218,124,163,38,152,3953,4037
32003003412,Census Tract 34.12,315,269,356,243,726,489,370,246,546,560,634,569,850,630,763,649,450,649,254,367,156,182,19,56,4713,4420
32003003413,Census Tract 34.13,363,368,391,327,766,652,375,325,685,788,674,662,870,727,684,802,456,525,237,309,111,138,33,30,4879,5001
32003003414,Census Tract 34.14,148,91,156,162,333,322,177,160,207,301,256,212,431,289,353,434,243,361,130,219,124,90,92,93,2317,2412
32003003415,Census Tract 34.15,569,558,603,437,1068,881,465,444,1031,1167,1317,1133,1019,915,702,794,412,533,220,269,84,106,24,28,6446,6384
32003003416,Census Tract 34.16,260,131,304,191,517,360,213,169,386,346,488,323,500,336,433,447,275,418,234,253,243,240,155,187,3491,3041
32003003418,Census Tract 34.18,302,424,286,311,540,618,254,307,754,749,818,772,638,608,408,454,199,291,115,131,62,59,14,15,3850,4121
32003003419,Census Tract 34.19,505,662,532,538,1005,1033,473,495,882,1105,1270,1081,989,962,662,765,394,562,278,262,128,132,23,24,6136,6588
32003003420,Census Tract 34.20,276,371,298,312,541,641,243,329,541,585,605,606,561,544,435,556,371,380,252,230,121,130,19,37,3722,4080
32003003421,Census Tract 34.21,231,251,299,226,521,475,222,249,354,523,657,529,581,503,385,457,251,300,214,144,67,101,8,18,3269,3301
32003003422,Census Tract 34.22,597,468,598,388,1020,684,422,296,1018,799,1203,902,1003,749,692,673,420,494,177,309,126,180,12,69,6268,5327
32003003423,Census Tract 34.23,554,550,541,506,999,961,458,455,903,970,1094,935,878,852,702,784,456,582,278,358,154,186,37,42,6055,6220
32003003426,Census Tract 34.26,219,226,212,240,408,466,196,226,330,415,381,398,393,378,352,386,259,383,130,298,54,147,17,43,2549,3140
32003003427,Census Tract 34.27,205,359,198,305,381,578,183,273,309,551,356,619,367,552,329,490,242,354,121,247,51,120,15,38,2382,3908
32003003428,Census Tract 34.28,115,154,101,148,190,283,89,135,195,255,209,276,190,268,144,291,111,235,88,104,47,42,12,11,1307,1919
32003003429,Census Tract 34.29,445,489,392,388,735,712,343,324,756,685,810,821,737,642,557,635,429,512,341,349,181,186,47,45,5044,5076
32003003430,Census Tract 34.30,259,193,225,201,366,374,141,173,501,329,519,359,335,331,230,300,175,306,129,209,63,93,12,23,2593,2517
32003003431,Census Tract 34.31,320,469,278,371,453,632,175,261,619,549,643,688,416,435,284,272,217,157,160,60,79,27,14,3,3213,3292
32003003500,Census Tract 35,144,204,207,245,373,478,166,233,220,399,192,332,209,339,183,310,162,260,86,177,36,76,11,20,1616,2595
32003003607,Census Tract 36.07,363,615,415,636,802,1285,387,649,494,1034,691,1088,904,1123,603,970,276,635,169,301,66,130,10,39,4378,7220
32003003609,Census Tract 36.09,290,231,333,236,620,549,287,313,352,538,601,452,806,629,586,795,360,536,292,319,109,200,11,46,4027,4295
32003003610,Census Tract 36.10,331,390,391,418,748,882,357,464,430,753,677,778,786,841,481,827,288,552,198,298,72,158,3,25,4019,5504
32003003612,Census Tract 36.12,376,434,400,466,729,935,329,469,525,811,730,832,839,910,632,996,443,869,215,565,97,307,17,118,4603,6777
32003003613,Census Tract 36.13,381,501,429,553,823,1179,394,626,489,1062,712,904,800,999,494,861,259,578,121,271,52,99,17,21,4148,6475
32003003615,Census Tract 36.15,260,225,209,200,378,406,169,206,355,391,543,410,430,428,297,415,146,245,74,120,33,38,4,6,2520,2684
32003003616,Census Tract 36.16,596,500,724,530,1328,1077,604,547,781,833,927,698,786,710,484,634,341,463,161,331,82,147,14,37,5507,5430
32003003617,Census Tract 36.17,122,150,148,157,271,331,123,174,159,313,189,230,160,258,99,246,69,161,33,93,16,41,2,14,1126,1837
32003003618,Census Tract 36.18,0,776,0,657,0,1179,0,522,0,874,0,1614,0,1335,0,784,0,601,0,248,0,77,0,22,1,7510
32003003619,Census Tract 36.19,0,285,0,286,0,565,0,279,0,314,0,432,0,601,0,348,0,296,0,121,0,34,0,10,0,3006
32003003620,Census Tract 36.20,0,481,0,460,0,907,0,447,0,579,0,939,0,905,0,608,0,359,0,188,0,46,0,7,2,5019
32003003621,Census Tract 36.21,0,8,0,5,0,9,0,4,0,35,0,68,0,67,0,211,0,1133,0,1058,0,344,0,69,0,3002
32003003622,Census Tract 36.22,0,528,0,563,0,1053,0,490,0,757,0,1006,0,949,0,704,0,437,0,234,0,71,0,13,2,5752
32003003623,Census Tract 36.23,0,488,0,394,0,853,0,459,0,875,1,922,2,706,1,428,1,277,1,145,0,40,0,12,12,4746
32003003624,Census Tract 36.24,1,553,1,528,3,1036,2,508,2,885,2,1193,5,919,4,540,2,357,2,172,0,56,0,17,28,5728
32003003625,Census Tract 36.25,6,715,7,641,16,1235,9,594,12,1033,12,1264,25,977,18,755,12,485,12,190,2,62,2,11,122,6727
32003003626,Census Tract 36.26,0,372,0,339,0,660,0,321,0,505,0,777,1,627,1,434,0,255,0,109,0,39,0,11,7,3789
32003003627,Census Tract 36.27,0,474,0,397,0,763,0,366,0,735,0,923,0,702,0,404,0,255,0,138,0,32,0,17,0,4443
32003003628,Census Tract 36.28,0,835,0,744,0,1446,0,702,0,1146,0,1583,0,1202,0,713,0,555,0,270,0,75,0,16,0,7841
32003003629,Census Tract 36.29,0,497,0,519,0,1062,0,543,0,820,0,1064,0,1013,0,635,0,408,0,199,0,77,0,14,0,5789
32003003630,Census Tract 36.30,406,426,384,471,688,998,304,527,429,811,808,770,754,1015,436,846,295,577,171,352,62,143,14,40,4074,5978
32003003631,Census Tract 36.31,10,274,10,293,18,573,8,280,11,420,25,521,17,589,9,414,7,352,3,167,1,65,0,10,106,3385
32003003632,Census Tract 36.32,97,204,92,250,164,457,72,207,105,371,227,425,150,469,87,394,63,283,35,136,11,78,2,13,946,2830
32003003633,Census Tract 36.33,164,316,156,296,277,634,121,338,178,487,382,574,254,562,147,494,106,345,59,199,18,78,4,18,1595,3707
32003003634,Census Tract 36.34,346,325,330,340,586,716,256,376,377,607,808,523,537,731,312,553,225,380,125,231,39,81,8,12,3369,4159
32003003635,Census Tract 36.35,423,446,506,487,933,978,427,491,442,789,752,760,917,930,507,789,260,510,169,251,44,106,10,18,4464,5577
32003003636,Census Tract 36.36,199,144,238,181,439,407,201,226,208,368,353,229,432,374,239,474,122,342,80,185,21,79,4,12,2101,2614
32003003637,Census Tract 36.37,115,388,95,363,170,764,75,401,112,741,237,812,154,702,85,470,52,258,27,133,7,31,1,9,967,4308
32003003638,Census Tract 36.38,68,322,57,276,102,546,45,270,66,428,141,681,92,437,51,337,31,197,16,89,4,29,1,10,576,3076
32003003639,Census Tract 36.39,349,307,289,307,518,613,229,306,342,565,717,590,467,598,259,495,159,305,83,152,22,47,5,6,2927,3678
32003003640,Census Tract 36.40,236,356,255,386,440,780,185,394,294,654,534,701,404,687,244,566,173,388,92,192,29,54,4,11,2456,4389
32003003641,Census Tract 36.41,147,497,159,483,274,962,115,479,183,790,333,887,253,801,152,646,108,450,57,237,18,96,3,19,1534,5385
32003003642,Census Tract 36.42,92,352,99,377,171,755,72,378,114,598,208,626,158,587,95,415,67,279,36,121,11,37,1,12,959,3782
32003003643,Census Tract 36.43,384,355,366,418,664,790,298,372,444,746,781,737,643,709,460,672,238,454,110,225,37,78,7,15,3774,4781
32003003644,Census Tract 36.44,277,424,264,362,479,751,215,389,320,725,563,700,464,660,331,602,172,410,79,180,27,49,5,16,2723,4517
32003003700,Census Tract 37,230,273,312,287,628,563,316,276,392,544,412,392,450,477,318,474,397,293,252,326,74,153,21,32,3180,3527
32003003800,Census Tract 38,829,510,826,437,1392,815,566,378,1101,722,1216,660,826,624,590,491,414,368,273,238,124,117,34,29,6799,4574
32003004000,Census Tract 40,380,367,445,339,769,720,324,381,576,642,608,548,503,486,323,432,211,238,103,127,84,51,22,23,3579,3634
32003004100,Census Tract 41,592,582,645,562,1162,1156,517,594,958,1004,943,779,815,836,527,702,380,398,284,217,123,134,25,32,5809,5840
32003004200,Census Tract 42,599,599,631,532,1138,1059,507,527,894,954,1020,741,769,799,491,552,333,339,187,181,66,67,12,18,5509,5309
32003004301,Census Tract 43.01,307,269,255,245,422,444,167,199,473,262,553,359,324,265,157,177,82,82,41,45,16,16,3,3,2384,1922
32003004302,Census Tract 43.02,727,537,603,514,999,905,396,391,1120,616,1307,755,768,642,373,364,194,202,96,100,38,42,8,12,5636,4175
32003004401,Census Tract 44.01,370,403,370,308,672,581,302,273,503,503,555,494,403,464,245,291,149,174,96,97,42,40,10,13,3051,3060
32003004402,Census Tract 44.02,497,450,496,494,901,938,405,444,675,830,746,756,542,770,328,446,199,258,129,125,57,73,14,7,4094,4653
32003004500,Census Tract 45,464,496,576,499,1088,998,512,499,817,808,737,636,659,663,470,536,341,345,198,196,80,96,13,24,4872,4798
32003004601,Census Tract 46.01,499,533,452,535,775,991,323,456,685,710,727,696,514,723,334,461,211,328,134,180,121,97,112,28,4117,4747
32003004602,Census Tract 46.02,423,324,383,306,656,562,273,256,581,433,617,439,435,393,284,379,178,247,113,195,103,158,94,102,3491,3232
32003004703,Census Tract 47.03,554,542,505,545,884,1019,379,474,724,866,796,775,628,750,428,574,198,407,74,208,34,47,12,12,4332,5200
32003004707,Census Tract 47.07,268,404,290,338,509,611,219,273,469,506,476,537,364,436,226,288,150,138,78,86,48,27,19,4,2607,3037
32003004709,Census Tract 47.09,809,696,692,711,1147,1351,455,640,1007,899,1111,964,809,789,487,456,261,215,114,97,69,39,15,7,5829,5513
32003004710,Census Tract 47.10,706,813,665,711,1155,1277,490,566,838,1101,894,1063,647,821,437,691,281,337,166,163,83,70,21,15,5228,6351
32003004712,Census Tract 47.12,656,611,576,474,1022,892,446,418,1164,1069,1266,1032,1081,715,720,809,438,492,218,217,82,66,14,8,6661,5911
32003004713,Census Tract 47.13,501,486,498,343,895,661,397,318,806,656,792,648,681,546,431,492,248,309,117,116,34,34,20,10,4525,3958
32003004714,Census Tract 47.14,469,634,520,699,883,1283,363,584,615,1030,732,914,650,979,408,739,288,449,147,241,50,83,10,15,4252,6367
32003004715,Census Tract 47.15,268,567,316,581,555,1109,239,528,393,1178,463,1052,419,791,317,618,221,395,120,219,36,80,9,18,2801,6027
32003004716,Census Tract 47.16,303,284,327,311,617,630,290,319,440,577,502,470,426,449,382,429,165,290,50,132,23,27,5,5,2913,3293
32003004717,Census Tract 47.17,281,309,320,334,600,667,280,333,510,568,450,469,459,442,375,380,229,302,108,156,40,63,9,8,3072,3364
32003004907,Census Tract 49.07,92,231,161,246,329,558,168,312,231,683,153,319,282,488,288,611,188,411,84,260,36,108,13,15,1696,3684
32003004910,Census Tract 49.10,269,191,296,262,544,521,248,259,350,507,521,443,526,462,285,479,171,285,129,131,44,68,12,18,2851,3105
32003004911,Census Tract 49.11,259,342,255,272,483,544,228,272,499,679,720,667,537,631,427,577,292,426,177,215,87,112,15,27,3496,4220
32003004912,Census Tract 49.12,490,548,490,553,947,1092,457,539,813,992,896,932,918,883,598,767,339,461,174,246,92,91,18,11,5296,6023
32003004914,Census Tract 49.14,126,193,166,228,364,478,198,250,326,412,232,307,383,387,333,384,209,258,89,153,52,53,4,10,2118,2635
32003004915,Census Tract 49.15,226,253,257,237,532,502,275,265,417,497,410,433,470,434,461,473,267,369,100,170,41,59,10,14,2940,3204
32003004916,Census Tract 49.16,181,227,216,220,408,459,192,239,281,379,325,343,370,386,262,336,178,213,103,146,58,51,15,10,2181,2550
32003004917,Census Tract 49.17,121,217,140,199,334,442,194,243,285,450,295,381,406,442,415,446,267,390,132,219,69,99,13,28,2337,3114
32003004918,Census Tract 49.18,255,257,279,322,599,685,320,363,441,618,457,397,640,607,519,615,320,457,183,288,75,136,18,44,3512,4104
32003004919,Census Tract 49.19,130,289,127,334,283,794,156,460,209,760,251,437,330,696,249,698,175,480,121,288,48,106,23,42,1819,4590
32003004920,Census Tract 49.20,391,472,441,496,839,1004,398,508,658,830,715,712,722,834,507,664,304,391,172,195,53,88,13,15,4374,5205
32003004921,Census Tract 49.21,474,495,466,530,858,1015,392,485,814,958,861,917,889,950,614,770,413,585,305,291,165,144,32,35,5425,6160
32003004923,Census Tract 49.23,144,275,205,361,458,798,253,437,268,766,250,504,401,638,262,642,123,377,83,206,21,97,13,36,2023,4339
32003004924,Census Tract 49.24,270,319,323,281,604,594,281,313,466,683,525,462,615,605,458,524,347,364,251,227,98,142,13,38,3647,3958
32003004925,Census Tract 49.25,338,501,389,464,762,1024,373,560,460,1145,647,898,716,962,449,859,219,552,143,210,56,103,9,20,3805,6274
32003004926,Census Tract 49.26,104,289,119,310,233,719,114,409,140,671,198,518,219,569,137,542,67,299,44,160,17,44,3,8,1168,3819
32003005005,Census Tract 50.05,263,170,271,147,496,302,225,155,368,290,415,308,439,351,516,495,722,671,1033,663,609,495,87,135,4948,3880
32003005006,Census Tract 50.06,301,398,328,330,569,604,241,274,570,578,792,728,600,505,492,477,507,545,590,522,287,339,38,75,4746,4771
32003005007,Census Tract 50.07,4,137,10,99,19,212,9,113,19,229,43,316,37,302,78,389,73,446,37,315,21,139,2,32,333,2517
32003005010,Census Tract 50.10,288,414,281,381,506,693,225,312,386,736,551,815,540,655,438,655,296,542,213,299,105,128,15,25,3338,4962
32003005011,Census Tract 50.11,240,285,259,275,536,565,277,290,494,525,478,529,524,557,437,492,212,338,116,149,66,71,19,16,3122,3527
32003005012,Census Tract 50.12,205,133,195,182,382,379,187,197,290,338,439,309,470,429,419,478,298,384,233,246,120,129,18,33,2885,2858
32003005013,Census Tract 50.13,0,335,0,346,0,645,0,299,0,598,0,660,0,593,0,358,0,274,0,106,0,37,0,10,2,3616
32003005014,Census Tract 50.14,197,339,253,308,461,606,208,298,378,753,575,844,491,860,464,789,363,610,236,320,99,118,27,16,3291,5255
32003005015,Census Tract 50.15,0,275,0,273,0,519,0,246,0,404,0,534,0,499,0,488,0,645,0,464,0,127,0,22,0,3977
32003005016,Census Tract 50.16,131,341,111,308,201,641,90,333,220,593,257,727,261,662,264,601,252,677,233,543,95,281,16,52,1937,5118
32003005017,Census Tract 50.17,122,418,103,414,187,726,84,312,203,767,237,886,242,638,245,467,234,269,215,154,87,52,15,15,1792,4392
32003005101,Census Tract 51.01,410,491,512,463,1123,991,611,528,1028,1325,1066,1399,1149,981,977,1039,498,820,256,382,134,171,22,48,6663,7647
32003005102,Census Tract 51.02,336,282,387,257,860,525,473,268,826,732,787,728,914,606,801,717,441,624,231,283,125,141,31,40,5359,4678
32003005103,Census Tract 51.03,274,280,238,246,512,504,274,258,714,847,844,889,727,677,744,671,509,610,274,338,143,164,23,37,4764,5017
32003005104,Census Tract 51.04,143,144,183,207,410,372,227,165,443,398,388,449,537,465,541,510,388,437,260,229,131,136,20,42,3261,3182
32003005105,Census Tract 51.05,149,690,174,590,340,1132,166,542,294,1253,290,1772,380,1315,281,1036,168,662,141,309,108,157,52,97,2203,8423
32003005106,Census Tract 51.06,166,185,197,207,415,398,218,191,404,442,463,444,551,399,502,426,251,373,165,177,93,86,26,26,3036,2956
32003005107,Census Tract 51.07,243,215,296,260,648,588,352,328,561,557,449,493,729,611,693,687,378,562,262,319,118,166,14,47,4095,4245
32003005108,Census Tract 51.08,208,165,179,153,349,335,170,182,418,483,561,486,496,454,392,491,244,373,220,275,118,176,12,55,3018,3293
32003005109,Census Tract 51.09,482,405,454,454,848,973,394,519,773,1000,1218,1188,1035,1053,725,1052,407,786,268,419,97,211,21,36,5874,7123
32003005200,Census Tract 52,260,230,282,220,518,454,236,234,546,453,590,499,671,537,573,586,363,518,312,361,240,194,48,76,4121,3908
32003005311,Census Tract 53.11,163,166,204,156,399,339,195,183,307,376,321,408,447,360,353,398,229,333,176,173,78,106,20,22,2493,2681
32003005312,Census Tract 53.12,177,117,209,164,398,354,189,190,272,358,346,309,494,362,360,466,223,346,156,167,68,133,11,143,2516,2755
32003005313,Census Tract 53.13,407,348,473,396,992,892,519,496,747,858,826,780,1166,916,925,1023,466,796,306,420,158,228,20,68,6013,6329
32003005314,Census Tract 53.14,158,120,208,155,498,318,290,163,311,360,264,277,553,336,512,447,310,439,199,215,112,127,14,33,2931,2672
32003005315,Census Tract 53.15,215,266,302,259,608,578,306,319,355,640,375,721,727,672,578,784,464,616,441,454,196,263,25,65,3984,5059
32003005316,Census Tract 53.16,246,193,294,206,643,465,349,259,506,502,611,555,835,593,768,672,400,601,233,320,132,149,27,42,4401,4092
32003005317,Census Tract 53.17,280,210,293,211,602,476,309,265,626,542,1019,699,891,674,776,809,486,705,365,430,301,314,168,176,5514,5035
32003005318,Census Tract 53.18,160,149,227,165,504,417,277,252,380,464,342,318,571,412,641,552,321,521,153,242,40,94,6,30,3118,3199
32003005319,Census Tract 53.19,214,141,237,149,460,330,223,181,309,311,492,325,564,437,401,434,241,350,133,191,68,89,12,28,2894,2636
32003005320,Census Tract 53.20,187,145,170,157,340,321,170,164,388,304,519,470,547,418,455,461,267,345,179,161,75,104,15,25,2972,2754
32003005321,Census Tract 53.21,232,187,324,237,679,552,355,315,427,484,394,382,756,482,659,626,334,490,177,231,73,107,13,27,3744,3568
32003005322,Census Tract 53.22,82,55,98,58,200,154,102,96,138,162,179,149,231,180,230,221,168,209,73,117,35,53,13,19,1357,1319
32003005333,Census Tract 53.33,205,148,225,189,358,369,133,180,192,242,451,262,487,440,399,387,277,310,167,222,64,103,7,21,2607,2504
32003005335,Census Tract 53.35,294,230,320,256,695,557,375,301,557,553,529,468,734,588,817,753,592,786,331,486,143,221,29,62,4721,4704
32003005336,Census Tract 53.36,266,304,293,266,558,559,265,293,412,599,498,595,504,485,395,561,346,389,307,274,181,193,49,48,3516,4007
32003005337,Census Tract 53.37,237,168,224,236,352,513,128,277,151,298,481,281,530,504,379,526,240,356,121,209,50,82,13,38,2554,2975
32003005338,Census Tract 53.38,4,0,1,0,2,0,1,0,9,9,13,12,33,23,137,79,692,333,792,806,368,573,44,136,2094,1971
32003005341,Census Tract 53.41,153,129,217,159,423,344,206,185,293,319,347,259,430,338,341,396,233,292,153,174,56,86,8,20,2444,2357
32003005342,Census Tract 53.42,249,189,287,202,555,435,268,233,369,447,478,363,583,435,466,490,342,380,211,258,94,127,22,28,3375,3152
32003005343,Census Tract 53.43,177,287,214,346,446,701,232,355,272,535,354,528,426,651,366,503,234,462,132,270,61,185,7,48,2482,4170
32003005346,Census Tract 53.46,110,237,85,264,151,548,66,284,140,638,351,828,256,699,209,576,129,350,57,176,17,75,3,59,1429,4186
32003005347,Census Tract 53.47,73,269,56,342,99,672,43,330,92,470,231,550,168,871,138,719,86,702,38,492,11,201,2,63,944,5009
32003005348,Census Tract 53.48,169,264,131,319,232,665,101,346,214,493,538,375,391,798,320,802,198,715,88,343,26,125,4,27,2186,4607
32003005349,Census Tract 53.49,121,205,103,303,185,623,82,320,141,410,327,448,278,744,202,653,142,471,69,352,20,177,4,47,1496,4130
32003005350,Census Tract 53.50,246,151,210,202,377,456,167,254,287,302,665,404,565,586,410,532,289,431,140,291,42,126,8,18,3034,3297
32003005351,Census Tract 53.51,130,251,111,306,199,629,88,323,151,582,351,783,299,765,217,643,153,407,74,235,22,89,4,16,1605,4400
32003005352,Census Tract 53.52,172,203,157,289,281,572,124,283,222,311,461,312,398,615,277,486,208,327,96,223,31,82,5,14,2159,3145
32003005353,Census Tract 53.53,81,273,74,289,132,549,58,260,104,454,216,673,187,748,130,518,97,308,45,209,14,67,2,16,1014,3815
32003005354,Census Tract 53.54,115,365,105,376,188,725,83,349,149,666,309,852,267,880,186,558,139,541,64,309,21,123,3,43,1447,5062
32003005355,Census Tract 53.55,167,186,155,289,271,556,116,267,273,330,514,432,369,634,339,461,384,784,229,912,94,506,10,118,2656,4919
32003005356,Census Tract 53.56,28,148,26,171,45,344,19,173,45,237,87,261,62,385,57,412,65,299,39,187,16,56,1,13,452,2342
32003005357,Census Tract 53.57,145,415,134,481,235,867,101,386,233,642,442,851,320,1130,290,889,324,810,192,426,78,133,8,48,2271,6211
32003005358,Census Tract 53.58,4,361,4,342,7,607,3,265,6,302,13,500,9,621,9,319,10,183,6,94,2,27,0,7,71,3021
32003005359,Census Tract 53.59,253,510,246,669,507,1332,261,663,300,799,436,832,566,1268,497,987,340,713,179,368,62,132,15,36,3161,6977
32003005360,Census Tract 53.60,136,321,132,269,273,583,141,314,160,548,235,719,304,606,267,554,183,440,96,198,33,125,8,17,1700,4111
32003005421,Census Tract 54.21,270,252,279,242,570,471,291,229,438,478,444,404,539,389,429,487,284,372,224,251,188,176,92,90,3478,3370
32003005422,Census Tract 54.22,352,303,419,305,812,630,393,325,615,649,608,515,754,547,582,629,414,458,258,258,130,113,22,42,4547,4144
32003005423,Census Tract 54.23,350,323,397,330,779,691,382,361,523,598,530,517,655,514,509,575,405,508,357,343,200,218,32,67,4340,4354
32003005432,Census Tract 54.32,396,337,337,366,655,733,318,367,455,620,817,694,793,812,610,915,479,763,254,452,98,210,17,50,4574,5586
32003005433,Census Tract 54.33,325,228,415,316,836,680,421,364,582,590,651,425,926,690,761,827,544,660,327,385,182,165,21,47,5162,4697
32003005434,Census Tract 54.34,219,325,245,351,505,703,260,352,324,604,411,523,579,796,480,733,361,601,206,367,70,121,19,36,3181,4809
32003005435,Census Tract 54.35,85,204,95,228,196,458,101,230,126,400,159,474,225,506,186,542,140,442,80,263,28,99,7,27,1239,3415
32003005436,Census Tract 54.36,248,651,220,506,382,915,162,409,345,852,622,1454,492,1167,516,953,418,770,232,344,69,128,11,32,3340,7266
32003005437,Census Tract 54.37,113,112,100,109,174,207,74,98,156,148,284,246,224,359,235,493,191,737,105,492,31,157,5,30,1524,2981
32003005438,Census Tract 54.38,241,242,253,178,482,343,229,165,374,409,400,362,491,359,358,365,215,278,129,171,65,50,12,20,2774,2599
32003005439,Census Tract 54.39,372,283,390,256,744,559,354,303,578,546,617,552,756,551,551,655,331,423,198,181,101,91,18,23,4271,3864
32003005501,Census Tract 55.01,103,97,167,157,357,328,190,171,266,261,233,214,468,311,679,584,809,872,818,770,510,569,110,253,4363,4259
32003005502,Census Tract 55.02,159,181,236,201,579,473,343,272,427,483,278,323,611,463,704,766,548,678,455,530,264,313,55,101,4090,4311
32003005503,Census Tract 55.03,139,176,170,167,402,332,232,165,317,353,278,313,480,347,450,530,312,447,325,244,253,225,86,87,3043,3054
32003005504,Census Tract 55.04,170,170,241,215,516,468,275,253,395,391,312,286,526,412,519,507,361,460,289,322,238,219,141,159,3467,3394
32003005607,Census Tract 56.07,311,318,253,263,508,543,255,280,441,450,448,378,384,379,367,447,428,487,297,472,148,233,22,55,3354,3762
32003005612,Census Tract 56.12,93,114,84,94,206,202,122,108,152,156,132,147,165,141,144,175,200,164,244,223,148,123,52,43,1536,1488
32003005613,Census Tract 56.13,317,374,376,410,802,835,426,425,588,586,421,471,604,512,531,687,437,553,293,411,137,182,35,46,4165,4657
32003005614,Census Tract 56.14,165,192,132,149,235,292,103,143,201,266,209,238,153,208,142,191,207,192,134,175,33,74,9,17,1494,1845
32003005615,Census Tract 56.15,59,56,48,88,85,162,37,74,71,111,76,86,55,122,51,131,75,344,48,425,12,171,3,37,540,1645
32003005702,Census Tract 57.02,216,140,234,119,464,248,230,129,371,294,415,241,515,284,546,457,698,571,495,648,166,296,24,47,3910,3226
32003005703,Census Tract 57.03,19,38,37,36,60,63,23,27,140,76,390,144,605,143,578,266,467,263,305,280,118,138,20,29,2702,1440
32003005704,Census Tract 57.04,92,98,94,86,183,178,89,92,201,202,229,218,290,201,348,310,316,375,222,327,98,170,10,35,1989,2114
32003005705,Census Tract 57.05,25,56,41,47,103,125,62,78,73,121,70,115,135,152,234,220,246,562,240,599,62,216,8,40,1196,2206
32003005711,Census Tract 57.11,70,341,46,477,81,829,35,352,65,396,165,365,157,916,206,676,279,464,155,257,58,84,6,20,1248,4348
32003005712,Census Tract 57.12,17,550,12,454,21,796,9,342,17,546,45,1264,39,1208,46,833,55,1200,30,957,11,285,1,62,287,7701
32003005713,Census Tract 57.13,0,273,0,241,0,436,0,195,0,238,0,457,0,675,0,539,1,1141,0,821,0,255,0,45,5,4880
32003005714,Census Tract 57.14,52,7,35,7,62,10,27,3,49,25,127,63,117,96,147,235,190,1855,105,2561,39,908,4,186,896,5946
32003005715,Census Tract 57.15,27,225,18,327,32,612,14,285,24,267,64,226,62,700,81,684,110,848,61,553,23,143,2,33,492,4291
32003005716,Census Tract 57.16,0,5,0,4,0,6,0,2,0,43,0,89,0,83,0,284,0,1451,0,1157,0,384,0,83,2,3585
32003005803,Census Tract 58.03,319,254,340,293,614,573,274,280,464,488,1040,725,866,752,590,710,430,599,255,317,82,182,25,37,4691,4637
32003005804,Census Tract 58.04,293,261,277,251,510,465,233,214,497,573,929,804,863,670,707,701,478,611,334,389,138,217,21,51,4770,4742
32003005805,Census Tract 58.05,162,124,174,95,381,228,207,133,443,347,446,386,514,341,601,462,443,503,296,355,147,169,20,46,3453,2961
32003005806,Census Tract 58.06,205,199,243,192,515,390,272,198,450,505,606,566,698,524,702,650,481,578,344,361,197,199,42,67,4245,4039
32003005807,Census Tract 58.07,236,226,307,232,700,501,393,269,525,544,567,561,725,577,760,663,454,587,403,357,182,208,37,51,4589,4275
32003005808,Census Tract 58.08,161,176,169,156,381,340,212,184,330,351,444,488,543,428,574,556,412,500,308,291,189,164,104,91,3446,3385
32003005809,Census Tract 58.09,318,225,285,196,527,390,242,194,513,485,796,678,654,470,611,579,410,505,266,320,127,176,25,77,4247,3905
32003005811,Census Tract 58.11,558,399,487,452,893,968,406,516,704,1054,1388,1106,1255,1209,896,1291,638,1060,349,632,136,251,19,76,6844,8046
32003005813,Census Tract 58.13,219,206,181,183,358,418,177,235,487,570,809,666,482,531,368,591,221,458,121,265,40,169,9,145,3121,4019
32003005818,Census Tract 58.18,82,46,103,47,209,118,106,71,533,115,662,92,731,131,421,185,215,165,97,90,45,40,10,8,3016,990
32003005822,Census Tract 58.22,0,484,0,482,0,921,0,439,0,478,0,800,0,1193,0,657,0,373,0,193,0,76,0,16,0,5191
32003005823,Census Tract 58.23,4,332,4,327,10,563,6,236,6,325,20,634,19,782,20,435,19,245,2,124,5,21,1,14,106,3475
32003005824,Census Tract 58.24,0,271,0,319,0,559,0,240,0,337,0,397,0,814,0,604,0,412,0,192,0,74,0,13,0,3673
32003005825,Census Tract 58.25,270,250,277,273,526,564,249,291,577,650,774,1097,726,857,622,853,414,671,284,363,125,240,26,61,4350,5606
32003005826,Census Tract 58.26,204,193,209,209,396,453,187,244,434,497,583,505,546,574,468,616,311,449,214,293,94,179,20,86,3276,3845
32003005827,Census Tract 58.27,110,518,148,425,324,811,176,386,209,598,191,1088,420,911,427,905,335,726,184,379,66,155,17,34,2287,6125
32003005828,Census Tract 58.28,0,679,1,536,2,929,1,393,0,667,1,1774,3,1256,3,675,2,447,1,204,0,58,0,15,17,6704
32003005829,Census Tract 58.29,0,575,0,438,0,804,0,366,0,759,1,1680,2,1090,2,720,1,466,0,185,0,55,0,16,12,6350
32003005830,Census Tract 58.30,0,279,0,221,0,398,0,177,0,352,0,809,1,569,1,375,1,250,0,123,0,41,0,10,8,3206
32003005831,Census Tract 58.31,7,334,9,211,20,419,11,208,13,329,12,757,27,632,28,372,22,275,12,97,4,34,1,10,151,3259
32003005832,Census Tract 58.32,0,307,0,232,0,428,0,196,0,308,0,850,1,517,1,252,0,167,0,66,0,16,0,5,5,2916
32003005833,Census Tract 58.33,20,448,27,393,59,770,32,377,37,597,35,1151,77,876,78,583,61,464,34,196,12,62,3,24,422,5171
32003005834,Census Tract 58.34,37,233,50,205,110,407,60,202,71,356,65,496,144,464,146,469,114,419,63,197,22,49,6,23,784,3113
32003005835,Census Tract 58.35,0,297,0,302,0,582,0,280,0,418,0,601,0,742,0,511,0,346,0,192,0,67,0,13,3,3769
32003005836,Census Tract 58.36,0,266,0,309,0,581,0,272,0,474,0,719,0,733,0,391,0,315,0,151,0,44,0,18,3,3692
32003005837,Census Tract 58.37,0,305,0,331,0,579,0,248,0,402,0,668,0,856,0,494,0,407,0,239,0,38,0,16,4,4004
32003005838,Census Tract 58.38,1,566,2,475,4,874,2,399,2,610,2,1252,6,1048,6,586,4,386,2,196,0,56,0,7,33,5581
32003005839,Census Tract 58.39,5,335,6,296,14,542,8,246,9,359,8,760,19,733,19,452,15,338,8,149,3,46,0,9,105,3723
32003005840,Census Tract 58.40,18,892,13,682,23,1207,10,525,19,912,50,2486,40,1438,35,818,26,516,13,196,3,45,0,18,232,8528
32003005841,Census Tract 58.41,8,291,6,319,10,552,4,233,8,332,23,495,18,765,16,660,12,632,6,316,1,93,0,17,107,4153
32003005842,Census Tract 58.42,0,121,0,142,0,270,0,128,0,122,0,182,0,331,0,293,0,280,0,144,0,40,0,9,4,1792
32003005843,Census Tract 58.43,0,171,0,187,0,359,0,172,0,273,0,416,0,505,0,306,0,256,0,172,0,121,0,153,3,2732
32003005844,Census Tract 58.44,110,375,79,529,142,997,63,468,119,538,302,806,245,1177,211,1021,161,812,81,528,21,172,5,36,1403,6462
32003005845,Census Tract 58.45,156,258,112,314,202,573,90,259,169,339,428,402,347,723,299,669,228,536,115,386,30,238,7,68,1986,4192
32003005846,Census Tract 58.46,4,155,3,155,5,261,2,106,5,117,13,385,10,365,9,330,7,1121,3,1270,0,463,0,105,61,4572
32003005847,Census Tract 58.47,15,109,12,98,23,187,11,89,20,195,39,373,35,319,31,221,21,162,11,78,3,30,0,1,203,1675
32003005848,Census Tract 58.48,54,284,46,258,95,543,49,285,84,598,136,756,128,657,117,562,72,410,38,259,14,102,1,20,743,4191
32003005849,Census Tract 58.49,169,197,145,221,298,437,153,216,270,470,431,463,402,594,365,553,225,399,119,212,44,75,5,17,2334,3417
32003005850,Census Tract 58.50,0,279,0,299,0,640,0,341,0,517,0,635,0,752,0,589,0,388,0,161,0,75,0,14,0,4050
32003005851,Census Tract 58.51,8,344,7,332,14,675,7,343,12,769,21,935,20,928,18,803,11,552,6,281,2,127,0,30,118,5444
32003005852,Census Tract 58.52,0,353,0,305,0,589,0,284,0,500,0,942,0,844,0,520,0,434,0,221,0,50,0,16,0,4469
32003005853,Census Tract 58.53,0,715,0,562,0,1139,0,577,0,1056,0,1879,0,1305,0,837,0,502,0,229,0,73,0,22,0,7757
32003005854,Census Tract 58.54,10,564,9,538,18,1006,9,468,16,1031,26,1931,25,1385,23,933,14,700,7,311,2,99,0,28,146,7988
32003005855,Census Tract 58.55,43,426,37,347,76,705,39,358,69,624,110,1177,104,938,94,661,58,573,31,265,11,91,1,20,602,5480
32003005856,Census Tract 58.56,10,254,8,185,17,396,9,211,15,375,25,562,24,620,21,434,13,380,7,170,2,52,0,21,139,3264
32003005902,Census Tract 59.02,133,115,151,111,315,270,164,159,229,180,193,183,241,191,167,228,145,135,75,92,21,35,6,4,1525,1433
32003005903,Census Tract 59.03,21,95,18,81,41,170,23,89,48,128,51,129,65,157,95,245,162,473,114,490,46,201,10,63,658,2151
32003005904,Census Tract 59.04,6,40,6,29,13,56,7,27,15,42,16,57,21,56,31,162,53,608,37,559,15,139,3,19,215,1738
32003005905,Census Tract 59.05,48,110,43,80,97,153,54,73,111,170,117,167,149,173,218,320,370,473,262,595,106,277,23,46,1506,2484
32003006001,Census Tract 60.01,668,376,576,312,939,521,363,209,1483,712,1420,935,832,706,340,535,144,313,61,149,14,32,1,10,5906,4289
32003006103,Census Tract 61.03,164,200,148,161,309,350,161,189,483,467,491,418,390,400,313,383,208,331,122,211,67,117,12,36,2559,2913
32003006104,Census Tract 61.04,71,257,93,251,194,526,101,275,126,478,107,392,200,474,246,486,231,374,112,266,51,111,13,35,1357,3399
32003006201,Census Tract 62.01,180,407,176,390,338,741,162,351,368,652,545,600,614,582,386,533,245,295,177,143,96,98,14,23,2963,4074
32003006202,Census Tract 62.02,224,264,301,261,577,578,276,317,314,598,496,446,583,510,439,582,283,417,225,222,115,122,25,32,3281,3771
32003006203,Census Tract 62.03,201,201,232,222,463,476,231,254,303,412,372,315,468,369,314,430,228,295,158,158,41,77,7,7,2555,2740
32003006204,Census Tract 62.04,323,388,300,387,588,823,288,436,432,689,607,700,643,715,379,643,212,443,136,176,48,86,8,27,3376,4690
32003006700,Census Tract 67,217,12,192,5,298,13,106,8,648,80,976,190,798,96,663,118,494,105,368,56,234,32,58,17,4759,719
32003006800,Census Tract 68,420,368,457,324,844,606,387,282,900,700,957,653,923,721,724,645,453,467,276,250,135,96,29,37,5662,4543
32003006900,Census Tract 69,23,56,32,71,82,134,50,63,107,137,78,128,146,161,234,185,217,290,177,254,137,199,72,101,1273,1645
32003007100,Census Tract 71,357,327,336,315,600,618,264,303,505,529,523,426,517,470,374,380,217,221,119,107,30,42,9,10,3251,3130
32003007200,Census Tract 72,441,379,437,355,827,699,390,344,688,662,769,611,735,534,536,576,369,484,197,259,70,113,10,31,4647,4348
32003007500,Census Tract 75,61,51,61,62,142,139,81,77,118,1360,106,1719,251,1218,305,1081,202,502,114,177,23,53,6,14,1335,6314
32003007600,Census Tract 76,296,358,354,382,759,802,405,420,535,540,390,423,525,541,398,554,352,430,239,381,117,162,29,56,3640,4247
32003007800,Census Tract 78,470,348,405,165,660,220,255,55,1043,1232,999,578,586,166,239,123,101,62,43,23,10,5,0,0,4158,2757
